"","Annualized_Return","Annualized_Volatility","Sharpe_Ratio","Max_Drawdown"
"Plugin",0.133607289745954,0.174016814653022,0.767783791539676,-0.549710435651303
"Bayesian",0.136808310940854,0.155328662975782,0.880766680919573,-0.529572536818864
