"","Annualized_Return","Annualized_Volatility","Sharpe_Ratio","Max_Drawdown"
"Plugin",0.151967970396232,0.172848044793324,0.879199823046548,-0.485378521195979
"Bayesian",0.156865640174148,0.154261518159383,1.01688121604038,-0.469416910407174
