"","Annualized_Return","Annualized_Volatility","Sharpe_Ratio","Max_Drawdown"
"Plugin",0.133607289745954,0.174016814653022,0.767783791539673,-0.549710435651307
"Bayesian",0.136808310940854,0.155328662975782,0.880766680919571,-0.529572536818866
"EqualWeight",0.105620986809558,0.165729040520612,0.637311279168493,-0.574900160994058
