"","Annualized_Return","Annualized_Volatility","Sharpe_Ratio","Max_Drawdown"
"Plugin",0.166830464909447,0.169540177525918,0.984017283360122,-0.439052869166545
"Bayesian",0.171180622553168,0.151687971925067,1.12850491954451,-0.416160009804483
"EqualWeight",0.156186361294917,0.155471901205856,1.00459542903585,-0.460833804164247
