"","Annualized_Return","Annualized_Volatility","Sharpe_Ratio","Max_Drawdown"
"Plugin",0.142321837753315,0.200692945988022,0.709152168017948,-0.280001509980582
"Bayesian",0.1482723215612,0.176131778565073,0.841826062106216,-0.229301794260896
