"Metric","Plug_in","Bayesian","Equal_Weight"
"Weight Instability",0.0817847153377923,0.0610143623591818,NA
"Avg Turnover",0.219892648430475,0.165054842181741,0.0473279347823124
