"kappa0","Sharpe","Return","Vol","Turnover"
5,1.09553080929843,0.184537388482721,0.168445640155841,0.188763875947933
10,1.10609436118558,0.180713208977709,0.163379559031482,0.182175665836058
25,1.12850491954451,0.171180622553168,0.151687971925067,0.165054842181741
50,1.1382784047718,0.160169341834092,0.140711921760655,0.141871453876817
100,1.11466242912621,0.145585376416312,0.130609386853055,0.115664133384691
