"Metric","Plug_in","Bayesian","Equal_Weight"
"Weight Instability",0.0457308571098228,0.0351639610544749,NA
"Avg Turnover",0.2726139160216,0.215601884883722,0.048007304373633
