"Metric","Plug_in","Bayesian","Equal_Weight"
"Annualised Return (%)",15.1967970396232,15.6865640174148,13.3246264546812
"Annualised Volatility (%)",17.2848044793324,15.4261518159383,16.3877575634345
"Sharpe Ratio",0.879199823046548,1.01688121604038,0.813084182085537
"Max Drawdown (%)",-48.5378521195979,-46.9416910407174,-50.4727053819535
"Avg Turnover",0.2726139160216,0.215601884883722,0.048007304373633
