"Method","Avg_Turnover"
"Plugin",0.230703571558606
"Bayesian",0.198882876760185
