"Method","Avg_Turnover"
"Plugin",0.219892648430475
"Bayesian",0.165054842181741
"EqualWeight",0.0473279347823124
