"Method","Avg_Turnover"
"Plugin",0.289246824645374
"Bayesian",0.226156763822825
